{"cameraMode":{"drawMode":0,"name":"Shaded","section":"Shading Mode"},"sceneLighting":true,"audioPlay":false,"sceneViewState":{"m_AlwaysRefresh":false,"showFog":true,"showSkybox":true,"showFlares":true,"showImageEffects":true,"showParticleSystems":true,"showVisualEffectGraphs":true,"m_FxEnabled":true},"in2DMode":false,"pivot":{"x":26.999746322631837,"y":38.62562561035156,"z":41.10675048828125},"rotation":{"x":-0.5916267037391663,"y":0.05527035519480705,"z":-0.04070728272199631,"w":-0.8032854795455933},"size":14.039143562316895,"orthographic":true}